patient_id,predicted_risk_50,diagnosis_50,confidence_50,relative_risk_50
A032532061,0.007575095710823228,0,0.32852766264191746,0.43587638591537076
